c[0],c[1],c[2],c[3],c[4],c[5],c[6],c[7],c[8],c[9],c[10],c[11],c[12],c[13],c[14],c[15],c[16],c[17],c[18],
49.969570244463739000,2.752604555977097100,-0.498356461050447840,-0.358222905971528170,0.315862288729005350,0.257107622097534240,-0.457681751829186690,-0.110294998057298140,-0.544387662565138930,-0.240859762414144200,0.012914514756711459,0.023021985941336538,-0.024935488650039035,-0.088650818225622652,0.166945466867157800,-0.050520675050875874,-0.098345535654383698,0.033667533227998037,0.127582361997875320,
51.333126474400856000,2.639704121192610200,-0.255246277112858520,-0.100409260873027760,0.091290877959221278,0.304296411380289510,-0.386440635343296870,-0.106976970797538760,-0.705583997317504760,-0.210091377466132160,0.099990009398457702,-0.206765604035473340,0.008892149112840198,-0.011183379642776343,0.212143771827525810,-0.083636904011084146,-0.081448204515664230,0.093140548274622176,-0.014603717599715793,
54.774381055018985000,2.992329137025136400,-0.644745070664573210,-0.489033187233415490,0.189363705514895560,0.553002962798533670,-0.548152248982536780,-0.302451450072200640,-0.346195044385394280,-0.218330960213360740,0.002106295197652486,-0.104959568392047180,0.133748341648985800,-0.020823467574017651,-0.005740037150419673,0.014374548596223908,-0.033535015342670060,0.120937769264144290,0.046446724215850554,
56.882693993623931000,3.053168940121855800,-0.625894270657703980,-0.569143687593610670,0.072032373083551482,0.603458471703387510,-0.510538740699579160,-0.332126966979462200,-0.347653025458425910,-0.220641933464204690,0.038713361100932597,-0.120961857140179940,0.139735298290513120,0.016280751279119654,-0.004053983762513966,0.044191319586192879,-0.021820221873056767,0.145687132795573240,0.044672877548958878,
57.757232521939287000,3.311865773457855200,-0.936045716962658150,-0.369897056247209920,0.009828206438957099,0.508359869680207190,-0.379497861415573290,-0.532436270555987300,-0.190448733931569690,-0.274051846959748270,-0.037996942449249227,0.022128061633815213,0.044397376900719501,0.113686703974624050,-0.047314954916730712,0.004124335831252129,0.080631112698117749,0.060120769773985838,0.080026077474318891,
58.689999282640791000,2.921375334186043600,-0.830964151829962640,-0.417790860883865630,0.051515376099884880,0.505580373226061860,-0.455808270786097760,-0.378454101868850090,-0.269039204037821330,-0.254215175699719630,0.061154709097118620,-0.055489436686724153,0.045057790991391317,0.048319088476320424,-0.004086803969507058,0.082272223662857122,-0.003967526037286256,0.076691928801821158,0.098621601872736206,
58.887514696547164000,2.886782073387050400,-0.819120005194274190,-0.439622019736186860,0.161174453382203710,0.406908556604115730,-0.499408488754012670,-0.277662109691307000,-0.261870900224895120,-0.281463429835016490,-0.035241030001958773,0.001664264893367809,0.120589845659687130,-0.037235766420982641,-0.052826413853413814,0.084207942695411292,0.074231698331620133,0.094238686440701241,0.036555792867520975,
59.230935331922623000,2.741052516363335000,-0.952134420222035430,-0.436144563568957140,0.209299748457016380,0.569245797864052490,-0.563984273122134510,-0.277829041522356550,-0.189740258520270430,-0.290926467947588530,-0.053608121119333219,-0.122333710641013870,0.136368434294934730,0.008030736899849400,-0.081157655714774984,0.083031634435338647,0.039803476881770133,0.153258717641068910,0.079733520228843391,
58.785986441516251000,2.762778095587226100,-0.897997562990760830,-0.426717086015855560,0.267197485083047860,0.509950075422715530,-0.592179132539457640,-0.250781244490163590,-0.206923038531839020,-0.282288339478762860,-0.097286551585631820,-0.099299938658868436,0.165448959594446890,-0.021953874218762659,-0.080628479265459685,0.060614008154709548,0.062118184382189995,0.157007960407048480,0.057628335955836163,
58.839158459923055000,2.517967685324587800,-0.790247938866046610,-0.505912393713285220,0.358705988257666200,0.467392403229730750,-0.404140919755421550,-0.225203782966389430,-0.255556777356256980,-0.203969132630862690,-0.169422005522295360,-0.073531419796311448,0.116891933662111510,-0.002399505707765814,-0.032018422722704068,0.018869421604430753,0.125528149275810660,0.151410219030161660,0.053539650037515318,
58.461233561880654000,2.464360794294479200,-0.787612857355191040,-0.480872580742529140,0.394517148703879660,0.454751714732501980,-0.372325526758158440,-0.230624161580338160,-0.258789935455182090,-0.207223155102273630,-0.170400269426917880,-0.062131111822763541,0.090108621076857270,-0.018566183024190080,-0.034323140960047148,0.033228861071672042,0.133674810909562400,0.137951314915401140,0.052510175537255233,
58.071750261427042000,2.866819370331736400,-0.969864699279898270,-0.369389502175671010,0.264394507515265390,0.587495886028004180,-0.501202918393870210,-0.325231510772112430,-0.169240113598161710,-0.317546706639863170,-0.095431728116581516,-0.081952128674865260,0.104157091600455720,-0.005539896715218207,-0.127579186599031340,0.079251991097363250,0.101576706627812460,0.124785227515211870,0.068189081489296643,
58.273582392284219000,2.243756781365374900,-0.676413838298971730,-0.506627195441947230,0.418451185273081010,0.407395724759702650,-0.273912906102867230,-0.251824989821661020,-0.248305578731264580,-0.192410780904096020,-0.194681111441683430,-0.059914895309751803,0.072171291311503294,0.014237219889800146,-0.035687960573731657,0.018653873020880701,0.135831987419047780,0.143406960287699340,0.062097829726834586,
58.253015247704930000,2.245472702771385000,-0.653409905279217720,-0.525676563421400010,0.398189855457614090,0.415725666947989400,-0.268563095011027710,-0.261949734211546770,-0.236701448858910870,-0.190856718563343020,-0.187203119195297700,-0.055375295274063541,0.074904286529751077,0.013611874692986053,-0.033096405669394924,0.036779183992639186,0.145876063688183340,0.131698193102094380,0.042229747660606887,
57.978208273758746000,2.820662791862152700,-0.900651476968067580,-0.431725210359413580,0.299875715172778780,0.553323391400391550,-0.467831417033640840,-0.284434694559655640,-0.201933070508808040,-0.268913780066183940,-0.124121827386382000,-0.083588022806017515,0.121918480341649090,-0.013120928359201478,-0.090971831939272191,0.056317585696203737,0.110458264858340510,0.138018896785245430,0.044520446721366902,
57.932020865043548000,2.831703861774058400,-0.947530365444445800,-0.368784579916245470,0.303613352084645680,0.534314216006160250,-0.535185224142381790,-0.289208481694117610,-0.180946655027473980,-0.305050179528350230,-0.118122857327829230,-0.087059343716810789,0.127871949674958320,-0.007801030804153286,-0.105426315149969220,0.052019234102945011,0.074384421511978799,0.141996538754131900,0.085138467164487475,
57.770378496933255000,2.939319365913616500,-1.012286703338936000,-0.318458450495852090,0.246955717008457860,0.555952775876802140,-0.542118811280762670,-0.361563519799202650,-0.129940636360805550,-0.337240532419081030,-0.103398218289836530,-0.074804583130092750,0.103619396639438280,0.037176337595318465,-0.136781938308271870,0.053674862356075770,0.075125989793547288,0.114185417937951390,0.113358173602618350,
57.614183508070155000,2.806770677307774500,-0.914899500481453300,-0.399853169227150530,0.319282840184039850,0.500765047390724580,-0.484356883516402270,-0.273573281092188700,-0.199771039709615960,-0.273449106231337060,-0.144918651549256320,-0.090781023802898264,0.117511914841301330,-0.001060334870195245,-0.083528492049204039,0.018367717409173145,0.079045227468871007,0.155574866222440240,0.091389435270729402,
57.277438429974914000,2.694744208681933100,-0.809468531660011430,-0.483995821045332120,0.422530304508488160,0.388788803556393340,-0.436096038451951770,-0.251672240739822640,-0.263195660448703460,-0.204921059477192750,-0.172188351695868600,-0.052598273705246168,0.089652711372903537,-0.014380288723197104,-0.038333276509572342,-0.002747222393486695,0.100736906630295870,0.147581077447386690,0.089589799974742368,
57.415404231958860000,2.776362485094560300,-0.879410716202533750,-0.399829122472888930,0.385244164355851400,0.388451583366056230,-0.468177898815756330,-0.264796415486751920,-0.233631886891645600,-0.244987120462298650,-0.156055769599722670,-0.048661264994170395,0.101517579045701430,-0.009457767762149294,-0.049493522214580567,0.007253015172512339,0.083913008094184269,0.146331553503291690,0.096106193470348378,
57.234758994403741000,3.048331306900099200,-1.043928749212226700,-0.243553556479501500,0.286636995909564150,0.425651250066611530,-0.500800839172854890,-0.380651097206998970,-0.138337737806141230,-0.333208079304785630,-0.162176542721688240,-0.019948352801916702,0.097490050204732309,0.035853516792714146,-0.105469496451374810,0.007610348984465887,0.078507638333609686,0.111824425795686260,0.125953444749229320,
56.864337043281772000,2.554681547369394200,-0.695472192301390460,-0.471886717604957040,0.464948787739503660,0.285536081985755970,-0.362531038081271740,-0.228961630763209080,-0.262054546633490700,-0.198532484199304580,-0.204067110006503900,-0.036364248879439065,0.077582487523526186,0.011298245269751095,-0.041999393384311121,-0.016466560660217608,0.112619781549342430,0.155150209589958730,0.090986248448020834,
56.536155095433202000,2.538377297526939600,-0.657941394458733790,-0.472676059444725680,0.463635416174300040,0.250955454201380990,-0.346774893859172710,-0.236602111299299530,-0.273906229508941280,-0.192073624173672460,-0.193375167074863130,-0.033259350227066831,0.059341044588646016,0.010895706488725787,-0.038711204778033657,-0.017668772016906364,0.106490709291012650,0.153437478453063440,0.093653761823535631,
56.136348881804480000,2.899972313059482300,-0.738228881468623750,-0.473288357895470750,0.479446724174216630,0.275882874480943170,-0.470124788763106930,-0.273299804234370610,-0.255413377410619870,-0.230895424079814670,-0.214293454541534700,-0.013403592961647837,0.112982284754080510,-0.002631740723785914,-0.062746410206487691,-0.026381154601580248,0.085442054905183820,0.131456872674055480,0.098445156523009614,
55.511358482998688000,2.931442557462096600,-0.684047476023723180,-0.481305752887310590,0.495471101547707130,0.236863628778512410,-0.460512548809050130,-0.278514411196330690,-0.263546169862353570,-0.238505298341412540,-0.224964284757168340,0.001932733471929571,0.121788972906747060,0.009481026977415707,-0.067342949767409246,-0.035782427362664876,0.081609434669859648,0.129815770463096860,0.097253522053777797,
54.990135013885016000,2.737853523236538400,-0.489291134289490780,-0.490665080213277150,0.495517465781780910,0.157970081477504020,-0.400911358289566200,-0.245621188195468960,-0.288903168011244940,-0.226830396126983970,-0.233322981350882810,0.024226223161585958,0.104712933369662230,0.007733965076841043,-0.085097774753277733,-0.036191011373901988,0.109057213151583200,0.136150880688915370,0.073340655385956910,
54.168523447129473000,2.385999653286343200,-0.351190644788214710,-0.362499246650753840,0.392929374147695690,0.132535348228517420,-0.315027175305610250,-0.264428992079554500,-0.295349172788827890,-0.180911271713124930,-0.195207137427886590,-0.008392284470440603,0.083700325369664166,0.012741684241672546,-0.099725022234265936,-0.044503515236991559,0.129824862836687930,0.153766603373516280,0.041686405884603372,
52.963930938438388000,2.421271751104590900,-0.431618109165593290,-0.360307594791679730,0.456251976221831220,0.129457428893459350,-0.378047368032628780,-0.216833445108068680,-0.245861421807870460,-0.163524825371199500,-0.224875345819358750,-0.014319201614922450,0.104495502873237350,0.025925437244620847,-0.104833717348394180,-0.066728866303815859,0.121807531282624480,0.144623570258876680,0.030383558731744031,
49.886417242846150000,2.671664796582409200,-0.494257945727554660,-0.394797296493220370,0.521965331718154730,0.151282386265088390,-0.443494893440229350,-0.111131913576868250,-0.222653592170769350,-0.218975744354064920,-0.296595681913085110,0.017277065065475772,0.163271035655630950,0.023813267615609979,-0.131985515437913840,-0.145293556338406020,0.056662219059034069,0.120337619594478250,0.066001564908065885,
36.577387506619743000,2.562920678254495300,-1.006138877855413700,-0.602272078228109240,0.237037046772824000,0.510982419160990850,0.030935681471792043,0.184358799037703640,0.140274790971410660,0.104745079583727810,0.015109975764441480,-0.100052303271536330,-0.053432819501405215,-0.036661822380740200,-0.006996872692688921,-0.006508867946603922,0.022118897506962262,0.055197165984708245,-0.008253598716002536,
47.340263877378504000,2.780474862833717700,-0.802200903252928480,-0.964170525955678090,0.447996209762809630,0.675406760832369060,-0.010339966731613082,0.097972490763387973,0.026590927623423327,0.229359352823616440,-0.052067249436992480,-0.167044595838115570,-0.193184621722674870,-0.144218113474056550,-0.030885285141936281,-0.050907682167046123,-0.009449003831080605,-0.063128592035690684,-0.078740681559793871,
50.221895481803244000,2.449314634030162800,-0.733766863726554420,-0.676960103145029190,0.323429913966549300,0.598688350032297370,0.023480385476825294,0.114915494988630850,0.041041016571354172,0.199358646299000300,-0.001876715815682717,-0.198249498735115800,-0.194074611013723090,-0.132353149437944300,-0.015467496087061383,-0.035917148700977598,-0.013891545480707992,-0.034914609341967481,-0.093792465443552450,
55.314347795271921000,2.571154499248235100,-1.034717984318648500,-0.536489902689384570,0.052765102765968352,0.774471099169649070,0.140483672752627080,-0.037412089772251911,0.063517061583427639,0.043211934082481335,0.057447338731252046,-0.181638048359328790,-0.184124552316832500,-0.040700580306177292,-0.013700630162507693,0.005596969188616623,-0.039897617581831475,-0.046381432698676978,-0.056966411929589983,
58.263481359374779000,2.617236421104972300,-1.247389682714242100,-0.489590892641793560,-0.082822819285814919,0.779171266295698000,0.142392171270956820,-0.162544818756909900,0.167753652281016350,0.021036498675770954,0.043944945461022192,-0.106472149171118230,-0.212681871252546260,0.032590898661657874,0.015308162451417515,0.002912465494138747,0.036980795202260899,-0.044280819828772897,-0.027158717316629027,
58.895425312016002000,2.178933764957532700,-1.086056458935048800,-0.685864588818803300,-0.078495997578720056,0.696238386041255320,0.024888156385072469,0.042639273165830584,0.045203942207912157,0.120673882652525720,0.172914029954398310,-0.194425143835230740,-0.142804382212609380,-0.043684598239732142,0.052387846534735966,0.105530315856639900,0.006596863497983357,0.037904522717211481,-0.022103181040579248,
58.824282829833550000,2.246847251214548500,-1.135649691296591000,-0.701149515885084010,-0.115004217099838660,0.728087312258068890,0.149811217744693300,-0.094027610663061423,0.120953323675374510,0.143377692732621080,0.112777598644238200,-0.147416242299752980,-0.186569243028161190,0.028784123709620024,0.110801231686307590,0.102070442880379340,0.018768455771213305,-0.032952389491084422,-0.026390578646050836,
58.671618786210075000,2.104487602445963100,-1.085327423623930100,-0.717205389725290800,-0.033661360891714454,0.766093525529758730,0.125944771380571700,-0.089431447590520713,0.090460340284781671,0.128255045493336860,0.087737126818210526,-0.159454278052940930,-0.134193024717144120,0.064031615136680597,0.106725147130072060,0.061679135202229174,-0.023095991741750532,-0.027351719909124141,-0.008801365090168475,
58.964817183738838000,2.166098964601684600,-1.119165877163185400,-0.796303743357298140,0.042909713973264152,0.780883955058192520,0.016171664567097510,-0.014031424886433799,0.066680752570292351,0.132579921689622210,0.103458901092919690,-0.188607523948029240,-0.078084032192203168,0.054841185282081956,0.097558288270686355,0.058653026292011329,-0.042039021887438285,0.002061267400579159,-0.007219625116133647,
59.022781367606164000,2.280875288442173200,-1.189488603470427700,-0.770411697766878010,0.012124857150751955,0.801595738855797600,-0.042343559852962454,0.046393640742705161,0.088947539072180684,0.088041473700009601,0.135818424414887780,-0.217450397738784000,-0.068584532877068671,0.032282158963196778,0.065944382124710529,0.083311406852164580,-0.053000151485409486,0.030204791763113525,-0.004640573350188748,
59.057790244611134000,1.905133234089886100,-0.956427946187794030,-0.895420056798892140,0.077123522349630491,0.636055506542736570,0.055080022976780052,0.017724688975412559,0.034470071754000062,0.210039490562117960,0.069384583604578609,-0.153678865558265150,-0.092878801684988854,0.028677370223402443,0.117615372993928570,0.042839900295312067,-0.006743861000380949,0.010831461749474965,0.000646045025311320,
59.100588283875524000,1.901734316556481100,-0.954988911026392270,-0.894021196653635110,0.027229671296708391,0.635360341608880220,0.043331572197975121,0.041373864185347914,0.029773144854067152,0.210970243168222410,0.087786071627626416,-0.155381717415732670,-0.096218102051024934,0.006111543733020780,0.115058418267362500,0.053755553671843259,0.003841956531797267,0.018606863844043094,-0.003398820919218788,
59.072606695642229000,2.284415581515253800,-1.143016128362870400,-0.818237340013775020,0.013430714615924266,0.763997072372032850,-0.115444465959075870,0.122877091532565460,0.063504232141620792,0.121655849240860920,0.149670851448573010,-0.256507380954103470,-0.072093329665955108,-0.049933659116060791,0.085235478426100450,0.103907925374274900,-0.043439382254707892,0.065453153025060232,-0.040897911264847570,
58.851349414051995000,1.859306804648285500,-0.877047074583408470,-0.919825047179557710,0.099074813702221043,0.552672298123088160,0.077984554206829260,-0.046287895316441216,0.091853378187190499,0.245958172418032110,0.066308740759987939,-0.164919174290399370,-0.142695772613712000,0.028267181906450167,0.119421711912442050,0.062984911766199914,0.006819699613977048,0.008012473425048116,-0.002671760646275738,
59.402450128208777000,1.780025800260652600,-0.884816332076876710,-0.892578716270874710,0.051318083293117267,0.630264641947270500,0.039473546314745089,-0.050154879832528490,0.087123391415954404,0.255846363809519190,0.093497423045078298,-0.183583581604941980,-0.152764963536323490,0.020544369913432947,0.129624148455305680,0.072740276684220145,0.003484592720132421,0.007398993588270252,-0.004167049240626369,
59.348154253731231000,2.284200572786097900,-1.168556754858327100,-0.803448862115595070,0.074312993789017900,0.790282703147133780,-0.176852147621786580,0.079512448219814735,0.095069879035452859,0.169378894959021700,0.154717660944205860,-0.296353614137210950,-0.094368179585765044,-0.048110720793697825,0.094674955497679139,0.113675574936691360,-0.044378043345925294,0.062882864623092199,-0.053520344426334687,
58.640569821932516000,2.138184281147415000,-1.116385654606553600,-0.722037390581314440,0.007129142378288433,0.582886119590287350,0.025064027479158701,-0.033509449672764688,0.146445370957625780,0.221614106959355130,0.077367006754756162,-0.200044586714394540,-0.153565744534870600,0.020030870458535854,0.094938040975351023,0.070199736848817751,0.026249561869603005,0.031678540389899881,-0.011411686128870627,
58.312827513966710000,2.063263523375931600,-1.059766902395301400,-0.659236098584893740,-0.073024450492488180,0.538968967867654800,0.137123066671979150,-0.092165002036033228,0.149936939833634290,0.241745446452379410,0.054534759151399270,-0.180294165051787000,-0.181908667155373600,0.002247647971515332,0.102384323368789410,0.072114139084815065,0.038594004627303058,0.033129489919345292,-0.012126910107544644,
58.511849679605177000,2.188091305160703800,-1.133092715568770000,-0.652992781356331880,-0.089655913141986510,0.621373545808319160,0.041013672237571352,-0.040001339161662527,0.170751805256382890,0.189032696717483180,0.096345802762780375,-0.208928950772713150,-0.180106393331737500,0.021452098553832066,0.082817792450003619,0.081770974957817627,0.030448176345976075,0.031671625945239534,-0.002782194123749263,
58.433740064970564000,2.212258914989579900,-1.194293213800082600,-0.602575148857627640,-0.063214607223644248,0.596254412448838030,0.038469946168543823,-0.061485734862793809,0.193096575230732730,0.198822788553760320,0.079972672439481807,-0.205344399903744120,-0.186274534318426300,0.024829926553991188,0.081595620581727479,0.075075497425209442,0.040470684923195360,0.030917679306538520,-0.009846912025154878,
58.553289403353546000,2.105280210957213500,-1.098126309739149600,-0.702704211342337850,-0.042549725304985797,0.618268073853025070,-0.008719064848942137,-0.001072275963890021,0.152833465409174890,0.200866880654181260,0.096896136538692446,-0.222119230473469510,-0.151232077415428320,0.014391552376005590,0.084147262448515281,0.081349886758464968,0.024679646755179779,0.042534327278837943,-0.011426095285462859,
58.464774011458296000,2.150127234494850100,-1.145525059684882900,-0.671823172120953330,-0.023547896679298352,0.584097770057093510,0.020426161101630091,-0.057804352287395763,0.191477694329747150,0.219203480894506500,0.064741608989963451,-0.204229622935950930,-0.158705670598311560,0.037634367482770659,0.091926214645672036,0.066288495285126786,0.031771987279205965,0.032755557822402193,-0.010486282496539628,
58.279109701270563000,2.214194863471540500,-1.199003825154185700,-0.636601226100496080,-0.058855556782247076,0.692496404608149980,-0.083531768638650528,0.031748578943035566,0.190227826440691030,0.108496028160076970,0.124928436763226650,-0.250805822808088270,-0.129716597825280830,0.037994089901879413,0.033303329480525348,0.094367477640078273,-0.002838317258334583,0.051617385055323553,0.002909653557402595,
57.957887434531948000,2.162237585971623400,-1.137189051844356100,-0.675720861283179540,-0.090964492971857824,0.637051836883511080,0.068496173567206275,-0.073296987385497031,0.186324894800021680,0.153061087762352860,0.048348836098598691,-0.164455069144250570,-0.122095794162932510,0.075000946876438740,0.076056837685731543,0.034514023145213540,0.017854558551006247,0.027574071705857468,0.004391744171662111,
57.456005413132985000,2.179183892568165200,-1.183405872511023500,-0.675690931317364240,0.052483899636014408,0.641230705795592600,-0.013923304239996215,-0.028258305310998044,0.176570248368296960,0.133886249354487120,0.011303863987118634,-0.188274300253171600,-0.057305604433165014,0.098676318642245645,0.061892928492459282,0.012287676701579014,-0.006530713667549523,0.028401527117378270,-0.006866478024198361,
57.473611762064635000,2.304778750455618300,-1.307374625710528500,-0.626957670986520110,0.078002409861978039,0.733675495819512410,-0.087275873904095969,0.002987293425289084,0.197189170120570520,0.049071655640892997,0.030553112860942575,-0.216279146379242700,-0.050625483703724883,0.101632767203479510,0.018833804229877044,0.028426461206462826,-0.031538224060811172,0.019181420217299516,0.001147986934685777,
57.385460288672228000,1.981719865920544800,-1.079419603833603700,-0.720544973040167850,0.159763867104823820,0.681472025507248170,0.085819357582348044,-0.081875873714162550,0.077480037036140453,0.102949040668423640,-0.037606462621572329,-0.164444819192014540,-0.031172542081497279,0.116178852851691880,0.069441743082506613,-0.039062168605479591,-0.052666487830991968,0.006696861079037914,0.005584405366224248,
56.161620877261960000,1.976670508697050900,-1.016150116304022500,-0.721885678676626560,0.126969288859730470,0.661744052944266300,0.030875669846982534,0.037271893174968228,0.078020106069951287,0.096159135724326106,-0.048000085644985008,-0.192476968641992600,-0.010641879871898963,0.088204001158572465,0.058033671670377263,-0.025593887702898291,-0.030293209366152575,0.021875071154067796,-0.025750675581129243,
55.261281429044814000,2.218255529764924000,-1.055420016306660700,-0.713749857813068540,0.141135973416149030,0.738615092234859110,-0.058085383095621168,0.072566444189784515,0.103116312523030880,0.095236154934183193,-0.020083327513228139,-0.255864214376043560,-0.024688969149136264,0.058733247559617480,0.056274874227111166,-0.000569863060114348,-0.043021714682744988,0.025612075184880650,-0.054786076742628191,
53.087758544728686000,2.278757009341764000,-0.890714617091270530,-0.783263125443327770,0.252090337460994630,0.599279041021860470,0.032891128268357939,0.099595860635039973,0.081565868487079349,0.138487838097765550,-0.098093086987090072,-0.216947013308915940,-0.058157251948129651,0.046558705255823424,0.048130892771846456,-0.043849851354113525,-0.015748648415243163,0.015479716504476479,-0.048260616248032774,
52.284918153873598000,2.629829478428015800,-1.080183132477106100,-0.737506603841089570,0.160786290485714690,0.822386633542255830,-0.143919320208357070,0.170854366837000280,0.173231798687456470,0.043540226180693253,-0.034171932580004644,-0.324934790812354880,0.001489152757702783,-0.004649725464425506,-0.022019442645672786,-0.003686495623653592,-0.074962551841870326,0.052746301534236345,-0.092817778171789073,
50.648417256812579000,2.692925365513630300,-0.975983599200632050,-0.827350183445337170,0.296493956050778660,0.677392039738892840,-0.035766877975746514,0.208512728742544810,0.120515526737023650,0.085177551924270400,-0.152189911603293650,-0.250742616321103840,-0.038473681637023138,-0.023870024709496271,-0.007928937832043785,-0.088312326421719045,-0.048417745579825561,-0.002844982273114236,-0.073874083598805540,
48.607707640373924000,2.797772809140040500,-1.079818084574808400,-0.681266226432385210,0.166592867401197390,0.810337947070034810,-0.157456766921619810,0.263934648410565740,0.251693123920000430,-0.026883450446161250,-0.080344211829601830,-0.343620569315013950,0.004019314573596611,-0.048566831169280830,-0.095183985792812009,-0.020178541271443612,-0.132522201131838990,0.010142473369174787,-0.098507806067013509,
46.887089095098055000,2.717490708332572300,-0.982452929124343570,-0.725259150870315670,0.287301444049980810,0.634241780538691960,-0.112941545763620480,0.298537608647441500,0.202574669433137620,0.046078895504020112,-0.178949519807453720,-0.255988160081416620,-0.000540933629393336,-0.070688369315657071,-0.057668895452232527,-0.081471926942350281,-0.040377958609211367,-0.001269979058670975,-0.103760473332769300,
43.708941632982686000,2.340963771858043200,-0.896612185748008270,-0.575504136272007030,0.147902335440248890,0.660136303481301030,-0.184380432722209160,0.422683610560053770,0.178612323812660010,0.038241486819155457,-0.041676657829164548,-0.266743063063295320,0.118664245943080120,-0.069997256537760510,0.021024402398893471,-0.007790505548998461,-0.046663047746593751,0.103739873398120620,-0.125914253522282110,
37.895265380881973000,2.361223143931275600,-0.625666917390081960,-0.426721079321586430,-0.002714808497044197,0.599083426876247940,-0.019491955170639619,0.532361014815880380,0.193803202517703890,0.101652765206251160,0.067944204512872031,-0.219342806974673450,0.127406158104130920,-0.018369169438130939,0.055875877601683457,-0.016686705091261383,-0.050796308460726705,0.156204612038850050,-0.042219130524995596,
33.749922294787950000,1.414540147553076300,-0.590968044847930200,0.344230545678473440,-0.314955255542466890,0.600269964650883560,0.372818648439947220,0.216910901686334310,0.215174327479122240,0.071673989637237423,-0.000707750019956960,-0.004212076492104466,0.225607530668318430,-0.035020753601324450,-0.070983775831715001,0.116667064538701200,-0.038140036738336713,0.079079445854466135,0.035078438186474506,
29.906505959068287000,1.492171765032526100,-0.536837797970542540,0.284306916459958650,0.041601796466689434,0.633495676439932320,0.113898664605454720,0.232818384676929170,0.314914920542849310,0.138082387480439720,0.078171784988170512,-0.068242366087773870,0.143053511011703380,0.094729813134214608,-0.011484025438839668,0.070880244111956425,0.024681022244521039,0.062719102817475766,-0.000335405213618953,
46.275719410390344000,2.202494890319506700,-1.022826689788665500,-0.291210888849393390,0.155567984781977970,1.287573642100690700,0.346007828401664330,-0.230325672305022210,0.181512743107827500,0.023619697077970903,0.216093535672416930,0.040360645246529492,-0.197164727438757040,0.148654017763457050,0.013412875669429558,-0.062439842733259046,-0.019782109931059097,-0.160130404463456970,0.025847582226732890,
54.504067283744682000,1.974730902537262800,-0.945901721722320900,-0.335489238155275650,-0.148668621844798840,1.139747228917426400,0.387793730416071680,-0.231515039114355450,0.233187267758153570,0.089212912340550121,0.156425203292897610,-0.014379647626478587,-0.315153181239778650,0.082926953603539633,0.131817218692543590,0.021913720958858185,0.041034562930820334,-0.171830726479002330,-0.077170205120952073,
58.491272512985354000,1.742602853290600600,-1.166575021644150600,-0.262586738443259860,-0.205099606931642590,1.048102503225524900,0.346949667540316310,-0.288823219009192390,0.203803128068041680,0.124633230668076300,0.136142201776389830,-0.022945114648885628,-0.257128483510119690,0.089801842217948347,0.152732473767543590,0.043014227918001746,0.039227648372691312,-0.101861699332291040,-0.033612203722447664,
59.663912117086106000,1.468350893575318200,-0.911602553950205730,-0.491704744064626050,-0.135343555929397620,1.067326618142975000,0.323178929484689740,-0.287791616809541680,0.187140358113720100,0.152198340873046290,0.111805749254536850,0.010097960351802077,-0.256247416459160160,0.075289753325600728,0.204037966143135320,0.022908822850349841,0.047559559819478507,-0.077258918122091916,-0.064991913592515410,
58.788743770102762000,1.079547438474010000,-1.171541726536672100,-0.251923527879842730,-0.049325553744247214,1.246990056965394400,0.268352696170498620,-0.291941569606897930,0.151309763866967320,0.103897793955650410,0.066496495873408779,0.005339114730937219,-0.044125091514121147,0.110324744433840120,0.114609308346768400,-0.065038709189577479,-0.037962796532309870,0.042727876620891871,-0.012715014487671851,
57.829550214487220000,1.166470847681111600,-1.242713074522722800,-0.158901023415831450,-0.129353497630549990,1.250814747589854800,0.311165669525904630,-0.311310562447489280,0.219446246880108550,0.052509526260282380,0.059041861407650865,0.020577220597381277,-0.070597563825299345,0.156680963987612580,0.089827042645835950,-0.063985023533289748,-0.017618295354252064,0.004577479509429782,0.001563814208497711,
58.120517096287529000,1.120565837761394500,-1.270586991059816200,-0.139255892380398260,-0.108799621241978190,1.274123940839662500,0.322950133217548950,-0.359311705894333140,0.243139348979000410,0.038736722184250727,0.024985045023003097,0.079991211255383401,-0.085842027100568749,0.159604827760800870,0.096807943056260615,-0.132746375347678800,0.020340088384754873,0.023954695220878019,-0.022849115431237407,
57.772855081954390000,1.110890919993318800,-1.263984606766225000,-0.150198428384602840,-0.078325775134451742,1.230234402935467500,0.297670711328141820,-0.338488349669844200,0.246675750832635710,0.062325771502952432,0.011207225219089734,0.056046037954444156,-0.070236151886470782,0.163360954989001270,0.106767631032328710,-0.124317174774418740,0.009471251200265873,0.028500519368823710,-0.019775598304518187,
57.672853436289031000,1.181060811029523100,-1.309576192004119600,-0.093696263267523672,-0.105844123984713270,1.228101649940392700,0.347595097388026960,-0.367999229634073780,0.256505597802392790,0.059553722017941568,-0.002003646822081456,0.081296386307089255,-0.084142166207553784,0.152974023058751350,0.108836580538384210,-0.134513821828099290,0.017842476341921404,0.027079774794566896,-0.032676649724705520,
57.215203085778953000,1.155786590894948300,-1.288740300782959600,-0.118032958203393770,-0.078018320340131203,1.215361981948976000,0.324198620252845400,-0.322461900647603440,0.197275898262637140,0.064940873606050720,0.035919735939479391,0.044383094321690825,-0.033095991853616731,0.130299716004709350,0.065263723724177575,-0.084373932360388579,-0.009415806264209528,0.044742622524023015,0.000921263810061246,
56.694155451984734000,1.251500562056216300,-1.322079393389451700,-0.097209545494904459,-0.092638594424441598,1.172385368867706800,0.376157164438136960,-0.323830279480251000,0.194099487396509780,0.084308499352946070,0.012134689257468731,0.043573509021960825,-0.033728496934858902,0.126025697620728160,0.086631296947695266,-0.082859818183211878,-0.025001104800426124,0.037249512607575697,0.003077137373266398,
56.143042711825075000,1.361779683970919500,-1.382270363933783400,-0.010461669550455577,-0.159940650711280580,1.137298069048722700,0.419375839988709750,-0.328776350496183090,0.229865439572308480,0.065762952734588376,0.015228126969254061,0.032700736150797563,-0.067382483962341283,0.167634839654488250,0.066316671588764947,-0.073543677244864936,-0.002398901967229181,-0.018994990063227454,0.031327408464898829,
56.022961350973375000,1.217197913638599100,-1.222237673849761100,-0.146575406625934490,-0.107107031970489070,1.170758034714579000,0.338383663827802490,-0.320180086405405790,0.216190634779103830,0.077031271395873402,0.018240953370003546,0.060062341437371519,-0.070168225327512865,0.132044072358765750,0.112242863718208660,-0.101193037589790060,0.001891307239911502,0.036896701113812810,-0.013442059601239224,
55.754144402466103000,1.225118996546950400,-1.244907479268753800,-0.131020887659227260,-0.088042599128624555,1.133186214738462600,0.339426769797988800,-0.307200667549604570,0.198539639624364550,0.098881694443657880,0.017403902914845087,0.042909871423185489,-0.043909524715618202,0.124015051582356290,0.108619395252753020,-0.082538911869139239,-0.016465036645412115,0.047990941804092260,0.003703758445404798,
55.578587984559810000,1.347624007996327100,-1.364308999983618400,-0.040564664454931787,-0.127034918632889350,1.090516719142877700,0.382882012525731060,-0.321790528740977360,0.230868322795542200,0.092624125038873850,0.009485186516068972,0.029272514251803973,-0.069346385722564435,0.161961689872558240,0.101549655131502440,-0.076551317382589162,-0.007114757565280072,-0.000069525041149980,0.025125335126015787,
55.816921603781005000,1.142957165719441300,-1.090688688095788500,-0.275784232343393110,-0.065473118924960189,1.111951725661730000,0.307128351378381240,-0.250974504511540350,0.168024433167312530,0.140557505742756440,-0.010273245760684169,0.016605642798593688,-0.032121190927789853,0.098323839681021388,0.157770587134046820,-0.080262288206554899,-0.035115301001824903,0.059459521879101272,-0.029162716271043651,
55.540681001803044000,1.181178899397350900,-1.149940461352982900,-0.227254284725951550,-0.070566903388046498,1.105192409272312400,0.302170108036988630,-0.280434204176258030,0.195438509505151570,0.099574909467750272,0.004654699716374833,0.036657590447736255,-0.055394613615034033,0.128438695560329270,0.127853947813889760,-0.096692441009259084,-0.011143017200922742,0.043205194545500120,-0.006481464865505833,
55.749967587366449000,1.415759308416038900,-1.437422274789562400,0.041811199561792467,-0.134265779600038220,1.115923857286168300,0.475149926442925750,-0.353558810752363170,0.199447560816233880,0.102297976114019640,0.005452084037584043,0.042792338471017315,-0.056368242767584814,0.139344386286098490,0.069937820379635515,-0.076458682146790011,-0.013073762628647234,-0.010035927716422862,0.030393250575879837,
55.532416055223763000,1.330363987967812200,-1.425769542065081100,-0.002225134066592638,-0.095805718827655401,1.098208705461629600,0.410753408330511330,-0.345315419846541290,0.212314295971961220,0.078132659114869774,-0.007812823867149071,0.073050347781406649,-0.044735200154654806,0.136638789623863720,0.069776551099817161,-0.102344992633728910,0.017211100019946163,0.025866281657269421,0.006338792515115835,
55.371029147122549000,1.321994663709399100,-1.425923112800886200,-0.016439664004415322,-0.104785768857250690,1.096810073427628500,0.405576546779499060,-0.342628977720945860,0.228417237598511460,0.077912839625364716,-0.023385077841990856,0.070853709504182183,-0.040034139340753186,0.149902614324594560,0.080206075097796953,-0.114243453726202250,0.015287003074353156,0.034545103829840634,0.006128373332918123,
53.105540526148559000,1.444113751588306000,-1.307249428330391900,0.013641095897938493,-0.133584163096874570,1.082550478279884300,0.423830527384144510,-0.280862018924019410,0.254190077083038920,0.078339415023066294,-0.052112780832353087,0.004087801103371036,-0.060517620982984195,0.137319157514026370,0.077438440450910903,-0.093786949778346326,-0.031675248353484675,-0.024759255835911778,-0.033215446860831818,
49.490714939560313000,1.278851487387192300,-1.144259181164374800,-0.014166998457060154,-0.040167294989284112,1.188033556869871900,0.353903136566255490,-0.126085859362630060,0.206705098215936130,-0.004845334644156929,-0.008902607221732287,-0.039463708690150687,0.070683831413635129,0.138535282864227090,-0.049453160296137416,-0.095359120195915997,-0.107472962794112090,-0.002958255700739793,-0.000649746531243126,
42.763782581029389000,1.286737520481457500,-1.051043833617547400,0.239157412302206770,-0.156731383342436500,0.997347345764160400,0.478903769871481200,0.003844616505343401,0.243409497164855490,-0.076799130182954700,0.044802682178299996,0.051421911800714121,0.051861407984268547,0.199420734083415820,-0.022640752880661058,-0.013297713771413477,-0.053287620253112511,-0.106034814802111560,0.087009397491472185,
52.352914611187721000,2.529396178374633900,-0.257338998086343200,0.108747237528900860,0.391871543842637000,0.822165931537324870,-0.110888785024690680,-0.365526042614698790,-0.118525328603850450,-0.055496251755309589,0.028652088705562878,-0.153231252201305290,-0.146331656886615260,-0.018088561137243941,-0.045170589598297409,-0.019238388778856433,-0.004851864499469200,0.032970601293438241,0.050568213758626190,
57.842299018972525000,2.391805288842037600,-0.679993523298213720,-0.055084841749866831,0.270318567155314770,0.928650109510192890,0.035893567020984563,-0.422002600252850910,-0.067496234009730149,-0.173055856769590230,-0.008325393339413234,-0.047531376955000509,-0.188418219304764320,0.026710477108849662,-0.023087551811516747,-0.022727456862015334,0.065520068619171812,0.009724098314978308,0.104459843089329220,
58.160340939643682000,2.062072926638387500,-0.767748952314136530,0.007784093352878330,0.285605177994624700,0.942281740053176660,0.193912668102873780,-0.377147117334222290,0.042953628771250307,-0.098764754041722691,-0.043052078045184128,0.008791740612657001,-0.212982776008055960,-0.036501489457916814,-0.074788743677979719,-0.191045504772768350,-0.030472023682678373,-0.061010824139421237,-0.028813214371377044,
57.569434347042453000,2.022891398055031600,-0.820662888793415310,-0.036853932089168318,0.348967985170589690,0.870617161572234120,0.216465014541114890,-0.307555740454660440,0.032771914882156583,-0.132557157264271170,-0.079313491410355347,0.027693409403449498,-0.160537486138397860,-0.064923379398109854,-0.078105837606633893,-0.160864089560025760,-0.047257304130720823,-0.072560167780829909,-0.034006557838229742,
57.973908510179868000,2.025337693147749400,-0.775574983509566000,-0.073178877584661572,0.321713249720802290,0.900488542320408980,0.241537588019128390,-0.373695132481239810,-0.026261766291091448,-0.124920727143568250,-0.041391870415126764,0.024877130261145783,-0.198731145713980040,-0.061587093837414009,-0.036655751425864233,-0.143852041226446240,-0.050315171208542786,-0.062539731799778051,0.003952713818686893,
58.283729414063316000,2.173490123228361900,-1.033798983786947000,0.062186925733298981,0.470209045526693510,0.858802707411795210,0.197896097282858510,-0.460936944822590070,0.011324720140802769,-0.042839885910802192,-0.158271470565675640,0.033062805988707200,-0.137276390383242080,-0.112346062529108090,-0.015810881082745420,-0.143923681954457590,-0.027670554798414015,0.027058339084669099,-0.035909978419515307,
58.256935103987381000,2.175553250822772200,-0.999461642526490830,-0.014198118661218340,0.409507318059638750,0.884925488616853610,0.197657487632107780,-0.424894221188310110,-0.019147600059235770,-0.007571748601325895,-0.063428427268363924,-0.006061678020637257,-0.176216705304023340,-0.096383047209529671,-0.028123988156465607,-0.132075047891368870,-0.056192793343271319,-0.029547140720482520,-0.044196842890579943,
57.687008862548637000,2.039077097448280800,-0.987174605529973710,0.073986756098366468,0.421539264858698750,0.822357001089061290,0.173525391002288030,-0.373317817669574730,-0.053583639367302816,0.002529491961156871,-0.014508925874608374,-0.028400417216949844,-0.186997598416305530,-0.111396834714607710,-0.043058372050961358,-0.105496775263283780,-0.068314643860757140,-0.050779512134727700,-0.044989547465956042,
58.515495024293656000,1.989055060465265700,-1.028323761822350000,0.035823161848464791,0.385039620570615860,0.785527548907303360,0.217120358467007390,-0.374697208331036920,-0.064211882850888524,0.002282672004854866,-0.034944678254966166,-0.013785207713813898,-0.191132731594440330,-0.146572656581101800,-0.029927176523327048,-0.088800037757132133,-0.080265425589495051,-0.072551735195011430,-0.068283226706204708,
59.321122591732191000,2.244561059711977600,-1.063529864470796200,-0.058961452744496601,0.464276263914833560,0.804798697800465650,0.280388594876271440,-0.459584779973846060,-0.024106651279610092,0.013308241419359546,-0.184077927679492580,-0.007044513984459877,-0.103486540319548220,-0.150820366188336890,-0.013003843006054283,-0.113924440613524030,-0.087166652159876706,-0.004848823728000912,-0.064524729911579218,
58.899999230706491000,2.142791568860410200,-0.880988516847499350,-0.113595432203250410,0.434341196556793100,0.844220152631781410,0.164377272349836680,-0.329899656321261840,-0.012304921667886548,-0.119378909689447030,-0.099786088378317678,-0.029758736807848740,-0.155552088704079630,-0.065202718511175928,-0.042082622948232729,-0.111361668091435480,-0.077469145238140080,-0.082142788248504600,0.010766910341751396,
58.739609866112168000,2.160832833827187400,-0.943561675225133010,-0.041225738029816661,0.510924509573332690,0.781942564806555660,0.212172568235108110,-0.397327198540296020,-0.024912827654759773,-0.045090655034733848,-0.134514324725913240,-0.023993795994548012,-0.138487377104991950,-0.117873614000543140,-0.018132565996221206,-0.097882658239133058,-0.077973887725425739,-0.042774821312847017,-0.016547871810563497,
58.315214175864192000,2.027670453694832000,-0.858248774783893160,-0.037748856730869029,0.562748957061961710,0.833327301990952170,0.034968024517873619,-0.357344740157760130,-0.030468764523024494,-0.050482973392368485,-0.037657783461934241,-0.082126225817021087,-0.178702329833362040,-0.076470880815187880,-0.051469047140175223,-0.071691032683874140,-0.053636756009731057,-0.058722908961820461,0.006016417915819819,
57.803786953119278000,1.850514277867701300,-0.748420868695081950,0.041940030639704529,0.410080117717603890,0.830576065629576420,-0.005703230261433268,-0.329741998530161620,-0.094869235182275746,-0.039965606466019155,0.042248810134871501,-0.131999754598171430,-0.196337181215314790,-0.058241766162949460,-0.063248353153911002,-0.070272757306167791,-0.070640933431398920,-0.040418555447038484,0.019235881690043061,
58.815127851992578000,1.898249397180794800,-0.868878807703776570,0.080867286941569638,0.368311464159351120,0.781198756923902280,0.093171592251595658,-0.447208159680602460,-0.082783815880981271,0.020043761222680756,-0.015526196025943892,-0.093199589349674095,-0.227560420289822290,-0.087616205116397172,-0.009225303723838757,-0.089549176377424780,-0.070300441049567855,-0.039705590380052280,-0.006190751360521357,
58.482498231571689000,1.883527070837090800,-0.754545082237113810,0.016130419296261134,0.396210759739145050,0.795561494512203480,0.078678141595396767,-0.412276901951513560,-0.099675326797593500,-0.015751064843696150,-0.000949328080234946,-0.095954985765558387,-0.213523613378309080,-0.074034902537172653,-0.025342664209286048,-0.080612314561310211,-0.059638842412502419,-0.032279198220116850,0.014731798406931403,
58.628321729229341000,1.841920437298124800,-0.704077408824579810,-0.045914458111967482,0.409396930719320820,0.840540279991802810,0.039331931765901551,-0.375711577988170680,-0.119218868625489690,-0.013387320204422792,0.046696185223126220,-0.120468600734058420,-0.217891547730256710,-0.074575331638048192,-0.038468147877501579,-0.062935675716426581,-0.074352216875435001,-0.052395924031166219,0.014317006148686098,
58.346878493982210000,1.890831645288046000,-0.740292353838694290,0.006111983909428242,0.362036252672506500,0.847772161162960390,0.060568423481703659,-0.387173612625308920,-0.105865679278671520,-0.020230227285055746,0.044825977729312419,-0.104884236234348840,-0.225076297841543760,-0.072390482039260517,-0.038869002071334979,-0.069672505720867847,-0.068513233688955677,-0.056362833281540792,0.010473465329063805,
58.102466543557675000,1.876795185756111400,-0.711921057667569190,0.054834611031377878,0.313712865192135590,0.815415270850995190,0.104083592344543340,-0.424302314592051590,-0.120875879843359240,0.002685396372546500,0.019937993537989408,-0.095900183904434846,-0.218403794333389050,-0.078181308586213527,-0.024337081322770959,-0.081934225920751433,-0.066815209234726738,-0.033410951877123535,0.012815077982964114,
58.226625434107589000,1.856367111583138800,-0.683914651216150690,0.031486264542247455,0.293741326005165500,0.826964742704018100,0.036061261095859942,-0.373379632984325690,-0.150834640993626420,-0.013151719704498160,0.061784951974627959,-0.136828240643693530,-0.206408728610432860,-0.068166645440089713,-0.043981955386885513,-0.059326689799679852,-0.076691683519190146,-0.037481135107720651,0.026888135998936288,
58.229441978404509000,1.693253493731744700,-0.596303813100706790,-0.011250744153814329,0.315172364966165690,0.764518989451078880,0.130114761129625500,-0.450865076788217300,-0.124296990314973540,0.015408540708666735,-0.008253343802292083,-0.088953587573520815,-0.211514611021668490,-0.088422898581179937,-0.010428780136941013,-0.083578720040046128,-0.067022822383076830,-0.020569023166862405,0.010082337798873429,
58.464952690455107000,1.761421094610044400,-0.620308174332605990,-0.054598859687858270,0.397990884865459360,0.770113593636435940,0.127406831027955470,-0.452814423818261090,-0.110621881797426600,-0.008299489998273874,0.002008164415268687,-0.088580842228270021,-0.223133525306913740,-0.083081154031025506,-0.004291441870574314,-0.073994211791197695,-0.061568804523136851,-0.032461214733508298,0.016176300297640826,
57.941541475280822000,1.891261073728895100,-0.688541803976401970,0.023190393236050100,0.299092381553836270,0.797801805776540360,0.110000699403853370,-0.419313452328454180,-0.122505590366808190,-0.022204360842492304,0.007837606731396260,-0.084579123062975312,-0.216073455177862030,-0.077633788796858338,-0.021334033456271717,-0.077487852275289509,-0.057803634369216858,-0.031326319534727171,0.017552498201163724,
57.909047161324587000,1.740838413778145900,-0.645963624418925080,0.072790303140413681,0.253747687819741050,0.783595918379074500,0.107029952062999590,-0.424634087926112120,-0.175845441035099030,0.034122784120597383,0.024356979188148317,-0.119152953817819430,-0.198444786178132490,-0.096041230146643480,-0.021077642914238554,-0.060288452057200279,-0.078609300064404031,-0.026882003129803017,0.018406383518739571,
57.748744341234371000,1.783925573883244200,-0.605625610266212750,0.057871047030079503,0.317227857124549590,0.809502141295076470,-0.002114508903311663,-0.378167201847317000,-0.199690466770841850,0.001610393301960111,0.065630440069240903,-0.158857059955016390,-0.188268822539551630,-0.074986917985628065,-0.032259483410833553,-0.032605749921559200,-0.063350219449003653,-0.013994173035583674,0.032286097613497378,
57.892368555607298000,1.770525361299959000,-0.598540398483468070,0.016052925248090100,0.304429643285589520,0.800258164268872420,0.004204470797419146,-0.379226282782165410,-0.193698066729665330,-0.004412609998159400,0.055386760766573263,-0.149498822845241630,-0.188581333628062560,-0.073928616126575725,-0.030809262183826902,-0.038265058051516282,-0.062614648861327449,-0.014125698524425273,0.034088234591901120,
57.926757203012336000,1.832345969699517000,-0.628026188797548230,0.041906025848050255,0.349511798604107300,0.839221905400243770,-0.067457149076276757,-0.346924932981151620,-0.200875914409423930,-0.042365118849873096,0.096005486809380300,-0.177702221932092900,-0.192581414396239630,-0.064313817306858090,-0.032880060105588943,-0.004958034320270872,-0.064263743484683611,-0.012385094116533824,0.046902579945385492,
57.653497611871003000,1.861245988965325700,-0.591855276823398000,0.021439046815479701,0.341268041684983540,0.824699980888772280,-0.030330492299700085,-0.361897039583861550,-0.200555210193905820,-0.053489328467832942,0.071838277982865989,-0.153236268081534010,-0.194973029298594590,-0.062820393981258771,-0.026593244323730073,-0.010400560891137563,-0.049411252329714467,-0.008697598975279428,0.055714122124335887,
57.627371637170313000,1.866285380903189600,-0.574606601295176270,-0.001073192416124469,0.356216625496598490,0.835070206437841020,-0.079002009983332178,-0.350421605509257830,-0.206912290078115460,-0.068129760622914759,0.077701565642852563,-0.168885885825997560,-0.184335367162090540,-0.057431991593992815,-0.025183793791483861,0.005396273831143848,-0.045459168091669847,0.005257193769924312,0.064565725337396657,
57.933563998589285000,1.948918873374186000,-0.685074960476990790,0.073416287544579406,0.379834601953780660,0.820179597099717880,-0.078320709132521316,-0.393099589152274500,-0.167047420297376290,-0.077162532139927686,0.067574922069367355,-0.154158773377566230,-0.220979333201282660,-0.043352959184227158,-0.008449726030903812,0.013823546054471801,-0.032049085015478471,-0.017334920224072847,0.074187283227052772,
57.623442930660232000,2.079408138120133900,-0.698121201926078520,-0.040727221162524141,0.442508927198980610,0.849720465009658140,-0.049608942347569185,-0.384461847108914010,-0.079043019188115515,-0.126426437083063360,-0.003292007161774080,-0.106920465599559630,-0.203937861119044190,-0.030035004746679417,-0.012780181689714669,0.009500342461217785,-0.002534563094514396,-0.035738980397724392,0.081366682270841859,
56.014888174948005000,2.331780728617270700,-0.714759734031913840,-0.136652389472717630,0.460583598859597880,0.857781355540533360,0.112522942462164770,-0.299185696526717890,-0.016537182176169729,-0.154078730909501940,-0.109715079461316920,-0.063342623062148690,-0.131973413596230270,-0.034339553497175712,-0.038453206750400329,-0.046158887939931878,-0.016651430709463885,-0.056532887214833079,0.039759445778715596,
52.806991769649983000,2.553791890352501400,-0.525654607858108580,-0.213240213511593060,0.567787026335098810,0.850885206619723000,0.049472966369713323,-0.196800487726902150,-0.048343440438846808,-0.040915783323856536,-0.059515963384176279,-0.155028139337908790,-0.125141416880622800,-0.045645535533461734,-0.037097505768714623,-0.038468901890673854,-0.062042879219878347,-0.051757906661344361,0.013767503039157913,
48.554443782228631000,1.712400970268838500,0.040793988523495806,0.571839500880218730,0.905678325128159270,0.635036662152602570,0.055811638719424073,0.138498512186254470,-0.000433683879610292,0.102882404459819720,0.149998067425886420,0.018066565718118349,-0.126770799423824850,-0.125182964802190460,0.032774929855290624,0.010655640447710155,-0.111985257916040030,-0.150227460835338640,-0.080283318899478151,
55.613761129630724000,1.997728833282832900,-0.037038449564395837,0.144223876722604780,0.709763725351450270,1.091867871990779700,-0.004142567051649726,0.062520867817177542,0.038200042310708698,0.162115836076671270,0.226849507871642380,-0.140674194939310100,-0.048334440618273689,-0.068968620457788621,0.018933335069642482,0.002430871460896711,-0.167870941053608810,-0.089896086361654554,-0.087588300362886173,
58.408842698591329000,1.718512096295012900,-0.323932360710619930,0.221646982177656050,0.408568714324997860,1.151967384651919400,0.063051049742496090,-0.157528940503944450,-0.049838128127071779,0.072967621439025146,0.304816038116621000,-0.147008935813127020,-0.148456387118529070,-0.056820764364384879,-0.044122195325283359,0.043991728070705075,-0.168077417301144480,-0.112938229989521130,-0.044132776494848341,
59.272430507837903000,1.897387766636514200,-0.379246285366272580,0.243420461998024750,0.365579454813700130,1.040692742382193900,0.202872768646408240,-0.276486808902274890,0.085998907528108293,0.023602714046374346,0.139698512990175550,-0.031246160190823463,-0.223960724962322860,0.036326161384728994,-0.003440199416268525,-0.085504636702747522,-0.082417555917579946,-0.123656255578580980,0.029835176177564954,
59.089190849876672000,1.802731733505138500,-0.337911014187883610,0.237806893901748580,0.374196020931420570,1.005645503631036300,0.232144552498448900,-0.282444295775662380,0.073599454524013064,0.050143666002266732,0.117940315306398980,-0.025563775928435839,-0.207806717571888400,0.021523200483091864,0.010744498648562320,-0.096094570828429371,-0.089636797483317140,-0.103987328088670890,0.017341734018352511,
59.123540765866409000,1.842653497032446400,-0.437695480737202880,0.348470816326424180,0.351041934345478700,0.976927370782428860,0.225362289399212210,-0.310319782593482530,0.079367695880041333,0.045299163330857928,0.099931233859399296,-0.021537154465873176,-0.233352811638331580,0.014403280094842819,0.025404494331952944,-0.097752122259725904,-0.077673135518488673,-0.109105744008281850,0.010772210666033011,
59.114118356967282000,1.986787661288329500,-0.509144209639091680,0.446306336120751210,0.343895258652470170,0.985560783203302870,0.199914351109659050,-0.312879153177728190,0.068391713638391693,0.023099641336634238,0.130016250635640370,-0.031453015514235294,-0.257985299789459390,0.012193359192488873,0.008283948630727196,-0.072930430472103597,-0.061363862051911452,-0.131323525342732700,0.013254869598759711,
59.309007041443444000,1.825922267190140700,-0.551143329919966400,0.456348005975309220,0.593166142856260460,0.897140219192274270,0.101247909014540840,-0.085657219877387308,0.040651984095699589,-0.042023890501109967,0.213294902375654790,-0.038572546437974753,-0.243941145301563130,-0.043052266444661202,0.003063966252120715,0.012792389624947609,-0.119645370588895710,-0.157721772882320840,0.011593569652700642,
58.614038722655842000,1.961922501642047400,-0.195775732840089090,0.339708083276737680,0.608957094628610700,0.917671064070305410,-0.177463523877579690,-0.119663348563621490,0.000531173351441566,0.151541683353909550,0.167597113671787150,-0.232902914966602310,-0.090688630249813440,-0.017985397100826722,0.026322881650752035,-0.021422288524743212,-0.176945011437904120,-0.049321827271707142,-0.017107069378877390,
53.925602012441210000,1.828021941109291100,-0.048526212679222080,0.457188148914722200,0.425327863032355480,0.669702571754167360,-0.261776179847970300,0.005793526231522517,-0.190775678389728480,0.087575891359526425,0.080376929992859836,-0.364266868497822080,0.028186014986008812,0.007630146765279969,0.115985888613031860,-0.017866432885614680,-0.093170370437899497,0.166763348093427880,0.069744881081744481,
49.361978219296624000,1.679994989736793200,0.084105911455494731,0.361298615749941430,0.343211911682200830,0.779495187766869660,-0.105137594827985130,0.209013441364101300,0.096337000831421105,0.146585906527006680,0.078712650649798321,-0.252103267889134400,0.138145487812351810,0.061149045189661577,0.055596295092558576,-0.046082474592798323,-0.114738876454911880,0.120888728066664760,-0.005549884575187930,
44.430839152349492000,1.542664648979740900,-0.122776650722196120,0.675172786855601110,0.399419460121187450,0.580123684332239040,-0.199947511683310820,0.145580448658573890,0.088651348050459600,-0.181894666384163520,0.175166439356445710,-0.052830119694007222,-0.001589521452969062,0.010081541757704815,-0.032234112503465528,0.136773312483039760,-0.044634383469140365,0.034783816378593138,0.076951131991971594,